1	https://www.sciencedirect.com/science/article/pii/S0040403901954292
1	https://www.sciencedirect.com/science/article/pii/S0040403901954292
2	https://pubs.rsc.org/en/content/articlelanding/1979/c3/c39790000866
2	https://www.thieme-connect.com/products/ejournals/abstract/10.1055/s-2002-22726
3	https://pubmed.ncbi.nlm.nih.gov/26673267/
3	https://www.nature.com/articles/nchem.2388.pdf?origin=ppub
4	https://chemistry-europe.onlinelibrary.wiley.com/doi/abs/10.1002/ejoc.201200914
4	https://www.thieme-connect.com/products/ejournals/abstract/10.1055/s-0036-1589120
5	https://www.nature.com/articles/nature13274
5	https://www.nature.com/articles/nature13274
6	https://www.springer.com/gp/book/9783319497839
6	https://link.springer.com/content/pdf/10.1007/978-3-319-49784-6.pdf
7	https://pubs.rsc.org/en/content/articlelanding/2013/cs/c3cs35521g
7	https://pubs.rsc.org/en/content/articlehtml/2013/cs/c3cs35521g
8	http://pubs.acs.org/doi/abs/10.1021/acs.joc.6b01627
8	https://pubs.acs.org/doi/abs/10.1021/acs.joc.6b01627
9	https://www.mdpi.com/1420-3049/20/5/7528
9	https://www.mdpi.com/1420-3049/20/5/7528
10	https://pubs.acs.org/doi/abs/10.1021/jo202151f
10	https://pubs.acs.org/doi/abs/10.1021/jo202151f
11	https://europepmc.org/article/med/22848024
11	https://onlinelibrary.wiley.com/doi/abs/10.1002/anie.201202797
12	https://pubs.rsc.org/en/content/articlelanding/2014/cc/c4cc00688g
12	https://pubs.rsc.org/en/content/articlehtml/2014/cc/c4cc00688g
13	https://books.google.com/books?id=roG0DwAAQBAJ&pg=PA612&lpg=PA612&dq=Dong,+L.;+Wen,+J.;+Qin,+S.;+Yang,+N.;+Yang,+H.;+Su,+Z.;+Yu,+X.;+Hu,+C.+ACS+Catal.+2012,+2,+1829.&source=bl&ots=H1cUTUQwpD&sig=ACfU3U0LghI_x3DdXDoimaDjxGj4RVH6sg&hl=en&sa=X&ved=2ahUKEwjGhrOX6KrtAhWGmVkKHYGyA1UQ6AEwAHoECAEQAg
13	https://pubs.acs.org/doi/abs/10.1021/cs300028y
14	https://books.google.com/books?id=ejqgDQAAQBAJ&pg=PA337&lpg=PA337&dq=Hatakeyama,+T.;+Hashimoto,+T.;+Kondo,+Y.;+Fujiwara,+Y.;+Seike,+H.;+Takaya,+H.;+Tamada,+Y.;+Ono,+T.;&source=bl&ots=L_v65qs_pA&sig=ACfU3U1m6R5fusiXzxBVBiXFeQlg4pGwjw&hl=en&sa=X&ved=2ahUKEwjxvOCZ6KrtAhVKUK0KHYz8CKcQ6AEwAXoECAUQAg
14	https://pubs.acs.org/doi/abs/10.1021/ja103973a
15	https://www.longdom.org/open-access/cufecatalyzed-carboncarbon-and-carbonheteroatom-crosscoupling-reactions-2161-0401.1000130.pdf
15	https://www.mdpi.com/2079-4991/9/11/1619
16	https://www.koreascience.or.kr/article/JAKO201112261547112.page
16	https://www.koreascience.or.kr/article/JAKO201112261547112.page
17	https://www.researchgate.net/publication/244189163_Highly_efficient_copper0-catalyzed_Suzuki-Miyaura_cross-coupling_reactions_in_reusable_PEG-400
17	https://www.sciencedirect.com/science/article/pii/S0040402008003438
18	https://pubs.acs.org/doi/abs/10.1021/ol500310u
18	https://pubs.acs.org/doi/abs/10.1021/ol500310u
19	https://pubs.rsc.org/en/content/articlelanding/2016/cc/c6cc05114f
19	https://pubs.rsc.org/en/content/articlehtml/2016/cc/c6cc05114f
20	http://pubs.acs.org/doi/abs/10.1021/ja906477r?ai=1jm&af=R
20	https://pubs.acs.org/doi/abs/10.1021/ja906477r
21	https://pubs.acs.org/doi/10.1021/ol401021x
21	https://pubs.acs.org/doi/abs/10.1021/ol401021x
22	https://pubs.acs.org/doi/abs/10.1021/acscatal.6b03434
22	https://pubs.acs.org/doi/abs/10.1021/acscatal.6b03434
23	https://pubmed.ncbi.nlm.nih.gov/19243177/
23	https://pubs.acs.org/doi/abs/10.1021/ja900200g
24	https://pubs.acs.org/doi/abs/10.1021/jacs.6b12329
25	https://books.google.com/books?id=qZ5NAgAAQBAJ&pg=PA15&lpg=PA15&dq=Yu,+D.-G.;+Yu,+M.;+Guan,+B.-T.;+Li,+B.-J.;+Zheng,+Y.;+Wu,+Z.-H.;+Shi,+Z.-J.+Org.+Lett.+2009,+11,+3374.&source=bl&ots=Zpngnmddqh&sig=ACfU3U1Ae9FF4K5X0RyZY2gWCkjZEZKajg&hl=en&sa=X&ved=2ahUKEwin24fW6KrtAhVTbc0KHb8HAo4Q6AEwAHoECAIQAg
25	https://pubs.acs.org/doi/abs/10.1021/ol901217m
26	https://www.organic-chemistry.org/abstracts/lit1/604.shtm
26	https://pubs.acs.org/doi/abs/10.1021/ol063027h
27	https://www.organic-chemistry.org/abstracts/literature/134.shtm
27	https://pubs.acs.org/doi/abs/10.1021/ja034908b
28	https://pubmed.ncbi.nlm.nih.gov/21031398/
28	https://onlinelibrary.wiley.com/doi/abs/10.1002/anie.201006374
29	https://onlinelibrary.wiley.com/doi/abs/10.1002/anie.201107017
30	https://pubs.rsc.org/en/content/articlelanding/2014/cs/c3cs60197h
30	https://pubs.rsc.org/--/content/articlehtml/2014/cs/c3cs60197h
31	https://pubs.acs.org/doi/10.1021/ar050199q
31	https://pubs.acs.org/doi/abs/10.1021/ar050199q
32	https://pubs.acs.org/doi/10.1021/cr0509758
32	https://pubs.acs.org/doi/full/10.1021/cr0509758
33	https://onlinelibrary.wiley.com/doi/abs/10.1002/1521-3773%2820021115%2941%3A22%3C4176%3A%3AAID-ANIE4176%3E3.0.CO%3B2-U
33	https://onlinelibrary.wiley.com/doi/abs/10.1002/1521-3773(20021115)41:22%3C4176::AID-ANIE4176%3E3.0.CO;2-U
34	https://pubmed.ncbi.nlm.nih.gov/29034333/
34	https://www.nature.com/articles/s41570-017-0025
35	https://pubs.rsc.org/en/content/articlelanding/2013/cs/c3cs35521g
35	https://pubs.rsc.org/en/content/articlehtml/2013/cs/c3cs35521g
36	https://pubs.acs.org/doi/10.1021/ar800036s
36	https://pubs.acs.org/doi/abs/10.1021/ar800036s
37	https://pubs.acs.org/doi/10.1021/cr00039a007
37	https://pubs.acs.org/doi/pdf/10.1021/cr00039a007
38	https://www.sciencedirect.com/science/article/pii/S0022328X98010559
38	https://www.sciencedirect.com/science/article/pii/S0022328X98010559
39	https://tutcris.tut.fi/portal/en/publications/review-on-green-chemistry--suzuki-cross-coupling-in-aqueous-media(30a80487-df19-4f58-917b-225856ae6d38)/export.html
39	https://www.nrcresearchpress.com/doi/abs/10.1139/v05-048
40	https://pubs.rsc.org/en/content/articlelanding/2001/cs/b001971m
40	https://pubs.rsc.org/en/content/articlehtml/2001/cs/b001971m
41	https://pdfs.semanticscholar.org/e7fd/1e4daf34a14e02d67621f84d68ff59c384a1.pdf
41	https://www.thieme-connect.com/products/ejournals/abstract/10.1055/s-2004-831223
42	https://www.ncbi.nlm.nih.gov/pmc/articles/PMC6270471/
42	https://onlinelibrary.wiley.com/doi/abs/10.1002/9783527639328.ch4
43	https://hartwig.cchem.berkeley.edu/publications/
43	https://pubs.acs.org/doi/pdf/10.1021/ja00124a026
44	https://pubs.rsc.org/en/content/articlelanding/2007/cc/b701517h
44	https://pubs.rsc.org/en/content/articlehtml/2007/cc/b701517h
45	https://pubmed.ncbi.nlm.nih.gov/28508520/
45	https://onlinelibrary.wiley.com/doi/abs/10.1002/ange.202001326
46	https://pubs.acs.org/doi/10.1021/ja0002058
46	https://pubs.acs.org/doi/abs/10.1021/ja0002058
47	https://pubmed.ncbi.nlm.nih.gov/27081068/
47	https://science.sciencemag.org/content/352/6283/329.abstract
48	https://pubs.acs.org/doi/abs/10.1021/jacs.6b13384
48	https://pubs.acs.org/doi/abs/10.1021/jacs.6b13384
49	http://pubs.acs.org/doi/abs/10.1021/jo970803d
49	https://pubs.acs.org/doi/abs/10.1021/jo970803d
50	http://pubs.acs.org/doi/abs/10.1021/ja1108326
50	https://pubs.acs.org/doi/abs/10.1021/ja1108326
51	https://chemistry-europe.onlinelibrary.wiley.com/doi/abs/10.1002/chem.201001911
51	https://onlinelibrary.wiley.com/doi/abs/10.1002/chem.201001911
52	http://pubs.acs.org/doi/full/10.1021/ol036184e?mobileUi=0
52	https://pubs.acs.org/doi/pdf/10.1021/ja00290a037
53	https://pubs.acs.org/doi/abs/10.1021/jo971681s
53	https://pubs.acs.org/doi/abs/10.1021/jo971681s
54	https://link.springer.com/article/10.1134/S1070363211070334
54	https://pubs.acs.org/doi/abs/10.1021/acs.organomet.8b00216
55	https://chemistry-europe.onlinelibrary.wiley.com/doi/abs/10.1002/chem.201001911
55	https://chemistry-europe.onlinelibrary.wiley.com/doi/abs/10.1002/chem.201200516
56	https://onlinelibrary.wiley.com/doi/abs/10.1002/chem.201300177
56	https://onlinelibrary.wiley.com/doi/abs/10.1002/chem.201300177
57	http://www.iciq.org/research/publication/c-c-reductive-elimination-in-palladium-complexes-and-the-role-of-coupling-additives-a-dft-study-supported-by-experiment/
57	https://pubs.acs.org/doi/abs/10.1021/ja808036j
58	https://pubs.acs.org/doi/abs/10.1021/om00103a023
58	https://pubs.acs.org/doi/pdf/10.1021/om00103a023
59	https://www.sciencedirect.com/science/article/pii/0022328X87802929
59	https://www.sciencedirect.com/science/article/pii/0022328X87802929
60	https://www.sciencedirect.com/science/article/pii/0022328X87802929
60	https://pubs.acs.org/doi/pdf/10.1021/ja00541a013
61	https://pubmed.ncbi.nlm.nih.gov/12386889/
61	https://onlinelibrary.wiley.com/doi/abs/10.1002/1521-3757(20021018)114:20%3C4066::AID-ANGE4066%3E3.0.CO;2-D
62	https://pubs.acs.org/doi/abs/10.1021/om00029a025
62	https://pubs.acs.org/doi/pdf/10.1021/om00029a026
63	https://pubs.acs.org/doi/abs/10.1021/jo9910278
64	https://pubs.acs.org/doi/abs/10.1021/ja8094075
64	https://pubs.acs.org/doi/abs/10.1021/ja8094075
65	https://pubs.acs.org/doi/10.1021/ja508815w
65	https://pubs.acs.org/doi/abs/10.1021/ja508815w
66	http://pubs.acs.org/doi/abs/10.1021/ja106632j
66	https://pubs.acs.org/doi/abs/10.1021/ja106632j
67	https://pubs.acs.org/doi/abs/10.1021/ja500029w
67	https://pubs.acs.org/doi/abs/10.1021/ja500029w
68	https://pubmed.ncbi.nlm.nih.gov/22024887/
68	https://www.nature.com/nchem/journal/v3/n11/abs/nchem.1150.html
69	https://pubmed.ncbi.nlm.nih.gov/23440890/
69	https://onlinelibrary.wiley.com/doi/abs/10.1002/ange.201208610
70	https://pubs.acs.org/doi/abs/10.1021/ja307861n
70	https://pubs.acs.org/doi/abs/10.1021/ja307861n
71	https://pubs.acs.org/doi/abs/10.1021/ja210025q
71	https://pubs.acs.org/doi/abs/10.1021/ja210025q
72	https://pubs.acs.org/doi/abs/10.1021/ja108949w
72	https://pubs.acs.org/doi/abs/10.1021/ja108949w
73	https://pubs.acs.org/doi/abs/10.1021/jacs.7b07444
73	https://researchportal.unamur.be/files/38952775/OSI_Arnaud_Masterthesis2018.pdf
74	https://pubs.rsc.org/en/content/articlelanding/2012/cc/c2cc16076e
74	https://pubs.rsc.org/lv/content/articlehtml/2012/cc/c2cc16076e
75	https://pubs.acs.org/doi/abs/10.1021/acs.orglett.6b01580
75	https://pubs.acs.org/doi/abs/10.1021/acs.orglett.6b01580
76	https://onlinelibrary.wiley.com/doi/abs/10.1002/chem.201303683
76	https://onlinelibrary.wiley.com/doi/full/10.1002/chem.201303683
77	https://www.nature.com/articles/ncomms6474
77	https://www.nature.com/articles/ncomms6474
78	https://cdnsciencepub.com/doi/10.1139/v63-451
78	https://www.nrcresearchpress.com/doi/abs/10.1139/v63-451
79	https://pubs.acs.org/doi/abs/10.1021/jacs.6b03283
79	https://pubs.acs.org/doi/abs/10.1021/jacs.6b03283
80	https://pubs.acs.org/doi/10.1021/ja0569959
80	https://pubs.acs.org/doi/abs/10.1021/ja0569959
81	https://onlinelibrary.wiley.com/doi/abs/10.1002/ijch.201000074
81	https://onlinelibrary.wiley.com/doi/abs/10.1002/ijch.201000074
82	https://onlinelibrary.wiley.com/doi/book/10.1002/9783527639328
82	https://pubs.acs.org/doi/abs/10.1021/acs.orglett.5b02875
83	https://pubs.acs.org/doi/abs/10.1021/acscatal.8b00341
83	https://pubs.acs.org/doi/abs/10.1021/acscatal.8b00341
84	https://pubs.acs.org/doi/abs/10.1021/acs.joc.7b02267
84	https://pubs.acs.org/doi/abs/10.1021/acs.joc.7b02267
85	https://pubmed.ncbi.nlm.nih.gov/29543441/
85	https://pubs.acs.org/doi/abs/10.1021/jacs.8b00400
86	https://experts.illinois.edu/en/publications/total-synthesis-of-synechoxanthin-through-iterative-cross-couplin
86	https://onlinelibrary.wiley.com/doi/abs/10.1002/ange.201102688
87	https://pubs.acs.org/doi/abs/10.1021/acscatal.8b00341
87	https://pubs.acs.org/doi/abs/10.1021/acscatal.8b00341
88	https://www.sciencedirect.com/science/article/pii/S1044030506009482
88	https://www.sciencedirect.com/science/article/pii/S0040403901019839
89	https://academictree.org/chemistry/publications.php?pid=174222
89	https://www.thieme-connect.com/products/ejournals/abstract/10.1055/s-2006-956476
90	https://onlinelibrary.wiley.com/doi/abs/10.1002/anie.201203930
90	https://onlinelibrary.wiley.com/doi/abs/10.1002/ange.201203930
91	https://pubs.acs.org/doi/10.1021/jo070130r
91	https://pubs.acs.org/doi/abs/10.1021/jo00115a016
92	https://books.google.com/books?id=GTC4DwAAQBAJ&pg=RA3-PA60&lpg=RA3-PA60&dq=Petrillo,+D.+E.;+Kohli,+R.+K.;+Molander,+G.+A.+J.+Am.+Soc.+Mass+Spectrom.+2007,+18,+404.&source=bl&ots=41uGkxUGdL&sig=ACfU3U0-Rbr_z2cUpAobgkN54mF53AxgNg&hl=en&sa=X&ved=2ahUKEwjg0fGE66rtAhUaCs0KHajvC9cQ6AEwAHoECAEQAg
92	https://pubs.acs.org/doi/abs/10.1021/jasms.8b02873
93	https://pubs.acs.org/doi/abs/10.1021/ja300236k
93	https://pubs.acs.org/doi/abs/10.1021/ja300236k
94	https://pubmed.ncbi.nlm.nih.gov/20544767/
94	https://onlinelibrary.wiley.com/doi/abs/10.1002/ange.201001522
95	https://pubmed.ncbi.nlm.nih.gov/22523433/
95	https://www.ncbi.nlm.nih.gov/pmc/articles/pmc3328809/
96	https://pubs.acs.org/doi/10.1021/ma502542g
96	https://pubs.acs.org/doi/abs/10.1021/ma502542g
97	https://experts.illinois.edu/en/publications/mida-boronates-are-hydrolysed-fast-and-slow-by-two-different-mech
97	https://www.nature.com/nchem/journal/v8/n11/abs/nchem.2571.html
98	https://pubs.acs.org/doi/10.1021/ja0716204
98	https://pubs.acs.org/doi/abs/10.1021/ja0716204
99	https://pubmed.ncbi.nlm.nih.gov/22863716/
99	https://www.jstage.jst.go.jp/article/cpb/60/8/60_c12-00382/_article/-char/ja/
100	https://europepmc.org/article/med/15700990
100	https://pubs.acs.org/doi/abs/10.1021/ja074110i
101	https://onlinelibrary.wiley.com/doi/abs/10.1002/anie.200906521
101	https://onlinelibrary.wiley.com/doi/abs/10.1002/anie.200906521
102	https://pubmed.ncbi.nlm.nih.gov/19185046/
102	https://onlinelibrary.wiley.com/doi/abs/10.1002/anie.200805604
103	https://chemistry-europe.onlinelibrary.wiley.com/doi/abs/10.1002/ejoc.200300433
103	https://www.thieme-connect.com/products/ejournals/abstract/10.1055/s-0028-1088131
104	https://pubmed.ncbi.nlm.nih.gov/19591178/
104	https://onlinelibrary.wiley.com/doi/abs/10.1002/ange.200902015
105	http://pubs.acs.org/doi/abs/10.1021/ja809382c
105	https://pubs.acs.org/doi/abs/10.1021/ja809382c
106	https://pubs.acs.org/doi/abs/10.1021/jacs.6b02478
106	https://pubs.acs.org/doi/abs/10.1021/jacs.6b02478
107	https://onlinelibrary.wiley.com/toc/16154169/2009/351/6
107	https://onlinelibrary.wiley.com/doi/abs/10.1002/adsc.200900040
108	https://books.google.com/books?id=roG0DwAAQBAJ&pg=PA614&lpg=PA614&dq=Chen,+I.+H.;+Yin,+L.;+Itano,+W.;+Kanai,+M.;+Shibasaki,+M.+J.+Am.+Chem.+Soc.+2009,+131,+11664.&source=bl&ots=H1cUTUQFpH&sig=ACfU3U3paTC-Ydlracw2b6Vx0f4GoNDlXw&hl=en&sa=X&ved=2ahUKEwibpqzG66rtAhVtS98KHY8OAMIQ6AEwAXoECAMQAg
108	https://pubs.acs.org/doi/abs/10.1021/ja9045839
109	https://pubs.acs.org/doi/10.1021/ja909640b
109	https://pubs.acs.org/doi/abs/10.1021/ja909640b
110	https://pubmed.ncbi.nlm.nih.gov/27159674/
110	https://onlinelibrary.wiley.com/doi/abs/10.1002/ange.201601976
111	http://www.chm.bris.ac.uk/org/aggarwal/publications.php
111	https://pubs.acs.org/doi/abs/10.1021/jacs.7b05149
112	http://onlinelibrary.wiley.com/doi/10.1002/adsc.200404232/pdf
113	http://dx.doi.org/10.1021/ja034210y
113	https://pubs.acs.org/doi/abs/10.1021/ja034210y
114	https://pubmed.ncbi.nlm.nih.gov/18311977/
114	https://pubs.acs.org/doi/abs/10.1021/ja710492q
115	https://www.ncbi.nlm.nih.gov/pmc/articles/PMC2846594/
115	https://pubs.acs.org/doi/abs/10.1021/ja908257x
116	https://onlinelibrary.wiley.com/doi/full/10.1002/anie.201509137
116	https://onlinelibrary.wiley.com/doi/abs/10.1002/ange.201509137
117	https://www.sciencedirect.com/journal/tetrahedron/vol/53/issue/14
117	https://www.sciencedirect.com/science/article/pii/S004040209700001X
118	https://pubs.rsc.org/en/content/articlelanding/2014/cs/c3cs60418g
118	https://pubs.rsc.org/en/content/articlehtml/2014/cs/c3cs60418g
119	https://link.springer.com/content/pdf/bfm%3A978-3-540-78634-4%2F1.pdf
119	https://www.jstage.jst.go.jp/article/yukigoseikyokaishi1943/63/5/63_5_440/_article/-char/ja/
120	https://pubs.acs.org/doi/10.1021/ar200206a
120	https://www.thieme-connect.com/products/ejournals/abstract/10.1055/s-0033-1340823
121	https://onlinelibrary.wiley.com/toc/15213765/21/23
121	https://chemistry-europe.onlinelibrary.wiley.com/doi/abs/10.1002/chem.201501252
122	http://scholar.google.com/citations?user=zXVgnjIAAAAJ&hl=en
122	https://pubs.acs.org/doi/abs/10.1021/jacs.7B05071
123	https://www.thieme-connect.com/products/ejournals/abstract/10.1055/s-2005-861874
123	https://www.thieme-connect.com/products/ejournals/abstract/10.1055/s-2005-861874
124	https://books.google.com/books?id=roG0DwAAQBAJ&pg=PA614&lpg=PA614&dq=Fujita,+T.;+Konno,+N.;+Watabe,+Y.;+Ichitsuka,+T.;+Nagaki,+A.;+Yoshida,+J.-i.;+Ichikawa,+J.+J.+Fluorine&source=bl&ots=H1cUTURwtE&sig=ACfU3U29wwp70TSf2iOXze8--0rIbW5bDw&hl=en&sa=X&ved=2ahUKEwiJot-H7KrtAhUEY6wKHTzlCFcQ6AEwAHoECAgQAg
124	https://onlinelibrary.wiley.com/doi/abs/10.1002/anie.202003831
125	https://pubs.acs.org/doi/abs/10.1021/acscatal.5b02973
125	https://pubs.acs.org/doi/abs/10.1021/acscatal.5b02973
126	https://sites.google.com/site/michaelsmietanaum2/publications
126	https://hal.archives-ouvertes.fr/hal-01078195/
127	https://pubs.rsc.org/en/content/articlelanding/2014/cy/c4cy00070f
127	https://pubs.rsc.org/--/content/articlehtml/2014/cy/c4cy00070f
128	https://pubs.acs.org/doi/10.1021/jo00128a024
128	https://pubs.acs.org/doi/full/10.1021/jo00128a024
129	https://pubs.rsc.org/sv/content/articlepdf/2003/cc/b311103b
129	https://www.sciencedirect.com/science/article/pii/S0022328X03001761
130	https://www.sciencedirect.com/science/article/pii/S0040403900799114
130	https://www.sciencedirect.com/science/article/pii/S0040403900799114
131	https://www.organic-chemistry.org/abstracts/lit1/530.shtm
131	https://pubs.acs.org/doi/abs/10.1021/jo0617013
132	http://eprints.whiterose.ac.uk/3374/1/Clarke_2007_Improved.pdf
132	https://www.sciencedirect.com/science/article/pii/S0040402007011246
133	https://europepmc.org/abstract/med/10937743
133	https://www.sciencedirect.com/science/article/pii/S096808960100390X
134	https://onlinelibrary.wiley.com/doi/abs/10.1002/anie.201106706
134	https://pubs.rsc.org/en/content/articlehtml/2014/cc/c4cc01757a
135	https://books.google.com/books?id=roG0DwAAQBAJ&pg=PA614&lpg=PA614&dq=Wakamiya,+A.+J.+Synth.+Org.+Chem.,+Jpn.+2006,+64,+1304.&source=bl&ots=H1cUTURxrD&sig=ACfU3U3TmwcFiqVUv5PQfPZ0MWPNB2UP-w&hl=en&sa=X&ved=2ahUKEwjMmL6t7KrtAhXXXM0KHQyMD40Q6AEwAHoECAgQAg
135	https://onlinelibrary.wiley.com/doi/abs/10.1002/hlca.200690235
136	https://pubs.acs.org/doi/abs/10.1021/ja311682c
136	https://pubs.acs.org/doi/abs/10.1021/ja311682c
137	https://europepmc.org/abstract/med/26426346
137	https://www.sciencedirect.com/science/article/pii/S0022328X16304314
138	https://pubs.rsc.org/en/content/articlelanding/2017/sc/c6sc02668k
138	https://pubs.rsc.org/en/content/articlehtml/2016/sc/c6sc02668k
139	https://pubs.acs.org/doi/10.1021/ol006439d
139	https://pubs.acs.org/doi/abs/10.1021/ol006439d
140	https://pubmed.ncbi.nlm.nih.gov/18081121/
140	https://onlinelibrary.wiley.com/doi/abs/10.1002/ange.200704162
141	https://pubmed.ncbi.nlm.nih.gov/22287537/
141	https://onlinelibrary.wiley.com/doi/abs/10.1002/ange.201108608
142	https://onlinelibrary.wiley.com/doi/abs/10.1002/14356007.a04_391.pub2
142	https://onlinelibrary.wiley.com/doi/abs/10.1002/14356007.a04_391.pub2
143	https://pubmed.ncbi.nlm.nih.gov/29711304/
143	https://onlinelibrary.wiley.com/doi/abs/10.1002/(SICI)1521-3773(19981231)37:24%3C3387::AID-ANIE3387%3E3.0.CO;2-P
144	https://www.sciencedirect.com/science/article/pii/S004040399801003X
144	https://www.sciencedirect.com/science/article/pii/S004040399801003X
145	http://pubs.acs.org/doi/pdf/10.1021/ja047190o
145	https://pubs.acs.org/doi/abs/10.1021/jo9814997
146	https://pubs.acs.org/doi/10.1021/ja047190o
146	https://pubs.acs.org/doi/abs/10.1021/ja047190o
147	http://dx.doi.org/10.1021%2Fja034030o
147	https://pubs.acs.org/doi/abs/10.1021/ja034030o
148	https://onlinelibrary.wiley.com/toc/15213773a/1984/23/6
148	https://onlinelibrary.wiley.com/doi/abs/10.1002/anie.198404451
149	https://europepmc.org/article/med/18183312
149	https://pubs.acs.org/doi/abs/10.1021/jo702106u
150	https://pubs.acs.org/doi/10.1021/np200343t
151	https://pubs.acs.org/doi/abs/10.1021/jo800269v
151	https://pubs.acs.org/doi/abs/10.1021/jo8001112
152	https://pubs.acs.org/doi/10.1021/acs.orglett.8b01929
152	https://pubs.acs.org/doi/abs/10.1021/jo301345a
153	https://pubmed.ncbi.nlm.nih.gov/7898169/
153	http://www.academia.edu/download/46966328/med.261015010520160702-8688-o2o8bo.pdf
154	https://europepmc.org/article/med/11150199
154	https://pubs.acs.org/doi/abs/10.1021/ol0067538
155	https://academictree.org/chemistry/publications.php?pid=134229
155	https://pubs.acs.org/doi/abs/10.1021/op100139f
156	https://pubmed.ncbi.nlm.nih.gov/21812414/
156	https://pubs.acs.org/doi/abs/10.1021/jm2007613
157	http://pubs.acs.org/doi/full/10.1021/acs.oprd.6b00402?src=recsys
157	https://pubs.acs.org/doi/abs/10.1021/op200131n
158	http://organicreactions.org/index.php/Published_Organic_Reactions_chapters
158	https://www.sciencedirect.com/science/article/pii/S0749379719301953
159	https://pubs.acs.org/doi/10.1021/acscatal.5b02718
159	https://pubs.acs.org/doi/abs/10.1021/acscatal.5b02718
160	https://onlinelibrary.wiley.com/doi/abs/10.1002/anie.201204526
160	https://onlinelibrary.wiley.com/doi/abs/10.1002/anie.201204526
161	https://onlinelibrary.wiley.com/doi/abs/10.1002/chem.201403015
161	https://onlinelibrary.wiley.com/doi/full/10.1002/chem.201403015
162	https://onlinelibrary.wiley.com/doi/abs/10.1002/0471264180.or050.01
163	https://pubs.acs.org/doi/abs/10.1021/acscatal.5b00448
163	https://pubs.acs.org/doi/abs/10.1021/acscatal.5b00448
164	https://onlinelibrary.wiley.com/doi/abs/10.1002/aoc.1436
164	https://onlinelibrary.wiley.com/doi/abs/10.1002/aoc.1436
165	https://pubs.acs.org/doi/abs/10.1021/acs.chemrev.5b00196
165	https://pubs.acs.org/doi/full/10.1021/acs.chemrev.5b00196
166	http://scholar.google.com/citations?user=5U9AC68AAAAJ&hl=en
166	https://link.springer.com/content/pdf/10.1007/s00706-012-0838-x.pdf
167	https://www.rug.nl/research/portal/publications/fast-efficient-and-low-efactor-onepot-palladiumcatalyzed-crosscoupling-of-heteroarenes(504741d7-57db-475a-8c6f-1dbd917a5a56)/export.html
167	https://www.thieme-connect.com/products/ejournals/abstract/10.1055/s-0040-1707214
168	https://experts.illinois.edu/en/publications/cross-coupling-with-organosilicon-compounds
169	https://pubs.rsc.org/en/content/articlelanding/2011/cs/c1cs15122c
169	https://pubs.rsc.org/en/content/articlehtml/2011/cs/c1cs15122c
170	https://pubs.acs.org/doi/10.1021/acs.oprd.5b00201
170	https://pubs.acs.org/doi/abs/10.1021/acs.oprd.5b00201
171	https://pubs.acs.org/doi/10.1021/cr9903048
171	https://pubs.acs.org/doi/full/10.1021/cr9903048
172	https://pubs.rsc.org/en/content/articlelanding/2011/cs/c1cs15071e
172	https://pubs.rsc.org/en/content/articlehtml/2011/cs/c1cs15071e
173	http://scholar.google.com/citations?user=2YmPIREAAAAJ&hl=en
173	https://pubs.acs.org/doi/abs/10.1021/acs.organomet.6b00186
174	https://pubmed.ncbi.nlm.nih.gov/17212475/
174	https://pubs.acs.org/doi/full/10.1021/cr0509760
175	https://pubs.rsc.org/en/content/articlelanding/2009/cs/b805701j
175	https://pubs.rsc.org/en/content/articlehtml/2009/cs/b805701j
176	https://pubmed.ncbi.nlm.nih.gov/23019647/
176	https://science.sciencemag.org/content/337/6102/1644.abstract
177	https://pubs.acs.org/doi/abs/10.1021/jo00333a009
177	https://pubs.acs.org/doi/pdf/10.1021/jo00333a009
178	https://pubs.acs.org/doi/pdfplus/10.1021/jacs.5b03277
178	https://www.sciencedirect.com/science/article/pii/S0957416612001395
179	https://pubs.acs.org/doi/10.1021/cr900206p
180	https://pubs.acs.org/doi/full/10.1021/acscatal.7b03241?src=recsys
180	https://pubs.acs.org/doi/abs/10.1021/acscatal.7b03241
181	http://xlink.rsc.org/?doi=C3RA47813K&newsite=1
181	https://pubs.rsc.org/en/content/articlehtml/2014/ra/c3ra47813k
182	https://pubs.acs.org/doi/abs/10.1021/jo802590b
182	https://pubs.acs.org/doi/abs/10.1021/jo802590b
183	https://scholar.google.com/citations?user=PAp8lmgAAAAJ&hl=fr
183	https://pubs.acs.org/doi/abs/10.1021/acs.organomet.6b00298
184	https://academictree.org/chemistry/publications.php?pid=163704
184	https://pubs.acs.org/doi/abs/10.1021/op900208y
185	https://www.organic-chemistry.org/abstracts/literature/818.shtm
185	https://pubs.acs.org/doi/abs/10.1021/jo048875+
186	https://www.organic-chemistry.org/abstracts/literature/079.shtm
186	https://pubs.acs.org/doi/abs/10.1021/ja0283899
187	http://xlink.rsc.org/?DOI=c3ob27307e
187	https://pubs.rsc.org/no/content/articlehtml/2013/ob/c3ob27307e
188	https://books.google.com/books?id=AjzKDwAAQBAJ&pg=PA29-IA56&lpg=PA29-IA56&dq=Fang,+Y.;+Yuan,+M.;+Zhang,+J.;+Zhang,+L.;+Jin,+X.;+Li,+R.;+Li,+J.+Tetrahedron+Lett.+2016,+57,+1460.&source=bl&ots=a0MopEOOxK&sig=ACfU3U02Pt5MVSdAq-BpGuoVtTBGWC95qg&hl=en&sa=X&ved=2ahUKEwi208Ce7qrtAhU1JzQIHW9mDHYQ6AEwAHoECAMQAg
188	https://www.sciencedirect.com/science/article/pii/S0040403916301745
189	https://onlinelibrary.wiley.com/doi/abs/10.1002/ejoc.201200350
189	https://www.thieme-connect.com/products/ejournals/abstract/10.1055/s-0039-1690740
190	https://books.google.com/books?id=GTC4DwAAQBAJ&pg=PA173&lpg=PA173&dq=Fang,+Y.;+Zhang,+L.;+Jin,+X.;+Li,+J.;+Yuan,+M.;+Li,+R.;+Wang,+T.;+Wang,+T.;+Hu,+H.;+Gu,+J.+Eur.+J.+Org.&source=bl&ots=41uGkxVEkK&sig=ACfU3U2SC0FGnqoJR0nqn6WSg0lnjDEBGA&hl=en&sa=X&ved=2ahUKEwje7quj7qrtAhWEY80KHagsAVIQ6AEwAHoECAgQAg
190	https://www.sciencedirect.com/science/article/pii/S0370269306010574
191	https://pubs.acs.org/doi/abs/10.1021/acs.orglett.5b01720
191	https://pubs.acs.org/doi/abs/10.1021/acs.orglett.5b01720
192	https://www.organic-chemistry.org/abstracts/literature/729.shtm
192	https://www.sciencedirect.com/science/article/pii/S0040402004003655
193	https://www.sciencedirect.com/science/article/pii/0040403996006995
194	https://pubs.acs.org/doi/abs/10.1021/jo0343331
194	https://pubs.acs.org/doi/abs/10.1021/jo050286w
195	https://onlinelibrary.wiley.com/doi/abs/10.1002/adsc.200505302
195	https://onlinelibrary.wiley.com/doi/abs/10.1002/adsc.200505302
196	https://pubs.acs.org/doi/abs/10.1021/ja078129x
196	https://pubs.acs.org/doi/abs/10.1021/ja078129x
197	http://pubs.acs.org/doi/abs/10.1021/ja300743t
197	https://pubs.acs.org/doi/abs/10.1021/ja300743t
198	https://www.sciencedirect.com/journal/tetrahedron-letters/vol/49/issue/32
198	https://www.sciencedirect.com/science/article/pii/S0040403908010290
199	http://rcsi.ie/files/2009/20180112085626_1111.pdf
199	https://pubs.acs.org/doi/abs/10.1021/ja060076g
200	https://books.google.com/books?id=5i-4DwAAQBAJ&pg=PA616&lpg=PA616&dq=Luo,+Q.-L.;+Tan,+J.-P.;+Li,+Z.-F.;+Nan,+W.-H.;+Xiao,+D.-R.+J.+Org.+Chem.+2012,+77,+8332.&source=bl&ots=K-LzgSEGZa&sig=ACfU3U1lHpmEUIcMwBolQ-rf011u_mxTQA&hl=en&sa=X&ved=2ahUKEwiSq8jI7qrtAhVjdc0KHc4kArkQ6AEwAHoECAgQAg
200	https://pubs.acs.org/doi/abs/10.1021/jo3011733
201	http://pubs.acs.org/doi/abs/10.1021/acs.joc.5b01842
201	https://pubs.acs.org/doi/abs/10.1021/acs.joc.5b01842
202	https://books.google.com/books?id=5i-4DwAAQBAJ&pg=PA616&lpg=PA616&dq=Negishi,+E.-i.;+Tobrman,+T.;+Rao,+H.;+Xu,+S.;+Lee,+C.-T.+Isr.+J.+Chem.+2010,+50,+696.&source=bl&ots=K-LzgSEG-9&sig=ACfU3U1UWA6TIMOSuX6q-gHw_iR4gAVUMA&hl=en&sa=X&ved=2ahUKEwiI1cHR7qrtAhXCUs0KHYTUA-cQ6AEwAHoECAgQAg
202	https://onlinelibrary.wiley.com/doi/abs/10.1002/ijch.201000051
203	https://www.organic-chemistry.org/abstracts/lit3/532.shtm
203	https://www.thieme-connect.com/products/ejournals/abstract/10.1055/s-0031-1290159
204	https://pubs.acs.org/doi/10.1021/ja405972h
204	https://pubs.acs.org/doi/abs/10.1021/ja405972h
205	https://www.thieme-connect.com/products/ejournals/abstract/10.1055/s-0035-1562445
205	https://www.thieme-connect.com/products/ejournals/abstract/10.1055/s-0035-1562445
206	https://pubs.acs.org/doi/10.1021/acs.orglett.5b00282
206	https://pubs.acs.org/doi/abs/10.1021/ol503213z
207	https://books.google.com/books?id=5i-4DwAAQBAJ&pg=PA616&lpg=PA616&dq=Kn%C3%B6r,+S.;+Modlinger,+A.;+Poethko,+T.;+Schottelius,+M.;+Wester,+H.-J.;+Kessler,+H.+Chem.%E2%80%94Eur.+J.+2007,&source=bl&ots=K-LzgSEHW7&sig=ACfU3U1yrMc5Z57g2SQVw1fENP_fzrkUIw&hl=en&sa=X&ved=2ahUKEwjktubo7qrtAhVNneAKHdjGA4sQ6AEwAHoECAIQAg
207	https://onlinelibrary.wiley.com/doi/abs/10.1002/chem.200700231
208	https://onlinelibrary.wiley.com/doi/abs/10.1002/anie.201106742
208	https://onlinelibrary.wiley.com/doi/abs/10.1002/anie.201106742
209	https://www.tandfonline.com/doi/abs/10.1080/00397910600969662
209	https://www.tandfonline.com/doi/abs/10.1080/00397910600773866
210	https://books.google.com/books?id=5i-4DwAAQBAJ&pg=PA616&lpg=PA616&dq=Song,+C.;+Ma,+Y.+D.;+Chai,+Q.;+Ma,+C.+Q.;+Jiang,+W.;+Andrus,+M.+B.+Tetrahedron+2005,+61,+7438.&source=bl&ots=K-LzgSEHY8&sig=ACfU3U1cXKMESqKyMJDix3NzzisohAo3ZA&hl=en&sa=X&ved=2ahUKEwjqw-ny7qrtAhVBo54KHawMCXgQ6AEwAHoECAgQAg
210	https://www.sciencedirect.com/science/article/pii/S0040402005008926
211	http://pubs.acs.org/doi/full/10.1021/ol034948k?mobileUi=0
211	https://pubs.acs.org/doi/abs/10.1021/ol034948k
212	https://www.semanticscholar.org/paper/Synthesis-of-Tri-and-Tetrasubstituted-Olefins-by-Nunes-Steffens/54430d50df389fc530d7ed9412079795eb53bd48
212	https://www.scielo.br/scielo.php?pid=S0103-50532007000700021&script=sci_arttext
213	https://www.researchgate.net/publication/229168378_The_First_Synthesis_of_the_Epoxide-Containing_Macrolactone_Nucleus_of_Oximidine_I
213	https://www.sciencedirect.com/science/article/pii/S0040403900018621
214	https://quod.lib.umich.edu/a/ark/5550190.0008.e13/7/--phosphine-ligand-and-base-free-pd-catalyzed-oxidative-cross?page=root;size=125;view=text
214	https://www.sciencedirect.com/science/article/pii/S0040403905019052
215	https://www.thieme-connect.com/products/ejournals/abstract/10.1055/s-2000-6725
215	https://eprints.lib.hokudai.ac.jp/dspace/handle/2115/14623
216	https://vivo.scripps.edu/display/endnote374148
216	https://onlinelibrary.wiley.com/doi/abs/10.1002/(SICI)1521-3773(19981016)37:19%3C2708::AID-ANIE2708%3E3.0.CO;2-E
217	https://europepmc.org/article/med/22497425
217	https://pubs.acs.org/doi/abs/10.1021/ol300659d
218	https://books.google.com/books?id=nuyIAwAAQBAJ&pg=RA1-PA202&lpg=RA1-PA202&dq=Shi,+Y.;+Li,+X.;+Liu,+J.;+Jiang,+W.;+Sun,+L.+Appl.+Organomet.+Chem.+2011,+25,+514.&source=bl&ots=iPcbtLyzXv&sig=ACfU3U3uUu1xUB-rzNbE9ihCTLZqi-wb2w&hl=en&sa=X&ved=2ahUKEwjLus6Q76rtAhWRuVkKHbPbBSIQ6AEwAXoECAMQAg
218	https://onlinelibrary.wiley.com/doi/abs/10.1002/aoc.1795
219	https://www.sciencedirect.com/science/article/pii/S0040403906016406
219	https://www.sciencedirect.com/science/article/pii/S0040403904009694
220	https://link.springer.com/article/10.1023/B:PHAC.0000038420.81588.50
220	https://www.sciencedirect.com/science/article/pii/S0040403900015434
221	https://chemistry-europe.onlinelibrary.wiley.com/doi/abs/10.1002/ejoc.201000787
221	https://pubs.acs.org/doi/abs/10.1021/jo1014678
222	https://books.google.com/books?id=5LjvDwAAQBAJ&pg=PA291&lpg=PA291&dq=Zhang,+L.;+Fang,+Y.;+Jin,+X.;+Xu,+H.;+Li,+R.;+Wu,+H.;+Chen,+B.;+Zhu,+Y.;+Yang,+Y.;+Tian,+Z.+Org.+Biomol.&source=bl&ots=U9M9WAj0I2&sig=ACfU3U31e8sbRQSq88G4Pxemyo3sqMD8QA&hl=en&sa=X&ved=2ahUKEwiLg-2e76rtAhVwmK0KHffEAhUQ6AEwAHoECAEQAg
222	https://pubs.rsc.org/en/content/articlehtml/2017/ob/c7ob02267k
223	https://pubs.acs.org/doi/10.1021/jo0262356
223	https://pubs.acs.org/doi/abs/10.1021/jo0262356
224	https://onlinelibrary.wiley.com/doi/abs/10.1002/anie.201510570
224	https://pubs.rsc.org/en/content/articlehtml/2019/sc/c9sc02528f
225	https://academictree.org/chemistry/publications.php?pid=76240
225	https://www.sciencedirect.com/science/article/pii/S0040403907015675
226	https://chemistry-europe.onlinelibrary.wiley.com/doi/abs/10.1002/ejoc.201402761
226	https://pubs.acs.org/doi/abs/10.1021/ol801844w
227	https://pubmed.ncbi.nlm.nih.gov/18355081/
227	https://pubs.acs.org/doi/abs/10.1021/jo8001886
228	https://pubmed.ncbi.nlm.nih.gov/18491343/
228	https://onlinelibrary.wiley.com/doi/abs/10.1002/anie.200801465
229	https://pubs.acs.org/doi/abs/10.1021/jo001146j
229	https://www.sciencedirect.com/science/article/pii/S1381116907000349
230	https://www.organic-chemistry.org/abstracts/lit1/132.shtm
230	https://onlinelibrary.wiley.com/doi/abs/10.1002/ange.200503479
231	https://pubs.acs.org/doi/abs/10.1021/ja4064469
231	https://pubs.acs.org/doi/abs/10.1021/ja4064469
232	https://chemistry-europe.onlinelibrary.wiley.com/doi/abs/10.1002/chem.200701877
232	https://onlinelibrary.wiley.com/doi/abs/10.1002/chem.200701877
233	https://www.ncbi.nlm.nih.gov/pmc/articles/PMC3514869/
233	https://pubs.acs.org/doi/abs/10.1021/jo202686p
234	https://www.ncbi.nlm.nih.gov/pmc/articles/PMC3663875/
234	https://pubs.acs.org/doi/abs/10.1021/ol400088g
235	https://onlinelibrary.wiley.com/doi/abs/10.1002/jhet.5570270756
236	https://www.sciencedirect.com/science/article/pii/004040399500082N
236	https://www.sciencedirect.com/science/article/pii/S0040403900786291
237	https://pubs.rsc.org/en/content/articlelanding/2016/qo/c6qo00489j
237	https://pubs.rsc.org/en/content/articlehtml/2016/qo/c6qo00489j
238	https://europepmc.org/article/med/30529637
238	https://www.sciencedirect.com/science/article/pii/S0223523418310274
239	https://europepmc.org/abstract/med/29880989
239	https://www.sciencedirect.com/science/article/pii/S0040403918300753
240	https://europepmc.org/abstract/med/29456112
240	https://www.sciencedirect.com/science/article/pii/S0968089617323507
241	https://europepmc.org/article/med/31223463
241	https://pubs.acs.org/doi/abs/10.1021/acsmedchemlett.8b00287
242	https://pubs.acs.org/doi/10.1021/jacs.8b05070
242	https://pubs.acs.org/doi/abs/10.1021/jacs.8b05070
243	https://pubmed.ncbi.nlm.nih.gov/30525429/
243	https://pubs.acs.org/doi/abs/10.1021/acschembio.8b00292
244	https://pubmed.ncbi.nlm.nih.gov/29738254/
244	https://pubs.acs.org/doi/abs/10.1021/acs.orglett.8b00961
245	https://www.researchgate.net/publication/328526516_A_concise_stereoselective_synthesis_of_Pterosin_B
245	https://www.sciencedirect.com/science/article/pii/S0040403918312887
246	https://www.ncbi.nlm.nih.gov/pmc/articles/PMC6833478/
246	https://www.sciencedirect.com/science/article/pii/S004040201930047X
247	https://academictree.org/chemistry/publications.php?pid=690186
247	https://pubs.acs.org/doi/abs/10.1021/acs.orglett.7b01744
248	https://pubs.rsc.org/en/content/articlelanding/2018/sc/c7sc04916a
249	https://www.organic-chemistry.org/abstracts/lit6/260.shtm
249	https://pubs.acs.org/doi/abs/10.1021/acs.orglett.8b00321
250	https://books.google.com/books?id=roG0DwAAQBAJ&pg=PA617&lpg=PA617&dq=Jin,+Y.+H.;+Lee,+S.+H.;+Jeon,+S.+L.;+Jeong,+I.+H.+Bull.+Korean+Chem.+Soc.+2018,+39,+567.&source=bl&ots=H1cUTVIxrJ&sig=ACfU3U3T4gPgscOUa6zjoPjiLPM9BfgLLQ&hl=en&sa=X&ved=2ahUKEwiO8PCM8KrtAhVhxFkKHYlkAhoQ6AEwAXoECAcQAg
250	https://www.koreascience.or.kr/article/JAKO201816563162869.page
251	https://pubs.acs.org/doi/abs/10.1021/acs.orglett.8b00809
251	https://pubs.acs.org/doi/abs/10.1021/acs.orglett.8b00809
252	https://pureportal.strath.ac.uk/en/publications/alkene-oxyamination-using-malonoyl-peroxides-preparation-of-pyrro
252	https://pubs.acs.org/doi/abs/10.1021/acs.joc.8b00392
253	https://pubs.acs.org/doi/abs/10.1021/jacs.7b07390
253	https://pubs.acs.org/doi/abs/10.1021/jacs.8b05870
254	https://pubmed.ncbi.nlm.nih.gov/30309953/
254	https://science.sciencemag.org/content/362/6411/225.abstract
255	https://europepmc.org/abstract/med/29656199
255	https://www.sciencedirect.com/science/article/pii/S0223523418301521
256	https://www.organic-chemistry.org/abstracts/lit6/275.shtm
256	https://www.thieme-connect.com/products/ejournals/abstract/10.1055/s-0036-1589143
257	https://books.google.com/books?id=roG0DwAAQBAJ&pg=PA617&lpg=PA617&dq=Kerim,+M.+D.;+Cattoen,+M.;+Fincias,+N.;+Dos+Santos,+A.+L.;+Arseniyadis,+S.;+El+Ka%C3%AFm,+L.+Adv.+Synth.&source=bl&ots=H1cUTVIyqK&sig=ACfU3U2CVtbOZ1XBZKno4ypV3VAXJOIj8w&hl=en&sa=X&ved=2ahUKEwi8wLW48KrtAhWLu54KHakSBFwQ6AEwAHoECAgQAg
257	https://pubs.rsc.org/en/content/articlehtml/2018/cc/c8cc06536e
258	https://books.google.com.pr/books?id=roG0DwAAQBAJ&pg=PA617&lpg=PA617&dq=Yang,+Q.;+Canturk,+B.;+Gray,+K.;+McCusker,+E.;+Sheng,+M.;+Li,+F.+Org.+Process+Res.+Dev.+2018,+22,&source=bl&ots=H1cUTVIyrF&sig=ACfU3U3FcukRIzrhGD32D3oiex9YYseoew&hl=es-419&sa=X&ved=2ahUKEwiOgom78KrtAhUBr54KHXAgBYIQ6AEwAHoECAEQAg
258	https://pubs.acs.org/doi/abs/10.1021/acs.oprd.8b00001
259	https://onlinelibrary.wiley.com/toc/16154169/2018/360/8
259	https://pubs.acs.org/doi/abs/10.1021/acs.joc.8b01999
260	https://onlinelibrary.wiley.com/doi/abs/10.1002/chem.201804152
260	https://onlinelibrary.wiley.com/doi/full/10.1002/chem.201804152
261	https://onlinelibrary.wiley.com/toc/16147065/2018/36/9
261	https://onlinelibrary.wiley.com/doi/abs/10.1002/cjoc.201800258
262	https://portalrecerca.uab.cat/en/publications/antibiotic-protected-silver-nanoparticles-for-microbicidal-cotton
262	https://www.sciencedirect.com/science/article/pii/S0040402018313759
263	https://pubs.acs.org/doi/abs/10.1021/acs.joc.9b01603
263	https://pubs.acs.org/doi/abs/10.1021/acs.joc.8b02885
264	https://scholar.google.com/citations?user=zgVtvHAAAAAJ&hl=en
264	https://www.sciencedirect.com/science/article/pii/S004040391830073X
265	https://onlinelibrary.wiley.com/page/journal/10990690/homepage/2046_bio.html
265	https://pubs.acs.org/doi/abs/10.1021/acs.orglett.8b02158
266	https://onlinelibrary.wiley.com/toc/16154169/2018/360/11
266	https://onlinelibrary.wiley.com/doi/abs/10.1002/adsc.201701569
267	https://books.google.com/books?id=roG0DwAAQBAJ&pg=PA617&lpg=PA617&dq=Yabuuchi,+Y.;+Sakamoto,+K.;+Yoshimura,+T.;+Matsuo,+J.-i.+Tetrahedron+2018,+74,+4053.&source=bl&ots=H1cUTVIzoE&sig=ACfU3U2VF2tqaRb7S7KhpI6klPRu2gTgZw&hl=en&sa=X&ved=2ahUKEwieyYDc8KrtAhUYGDQIHQ59ATcQ6AEwAHoECAEQAg
267	https://www.sciencedirect.com/science/article/pii/S004040201830677X
268	https://pubs.acs.org/doi/abs/10.1021/jacs.8b05243
268	https://pubs.acs.org/doi/abs/10.1021/jacs.8b05243
269	https://pubmed.ncbi.nlm.nih.gov/29911348/
269	https://onlinelibrary.wiley.com/doi/abs/10.1002/anie.201804271
270	https://pubs.rsc.org/en/content/articlelanding/2020/tc/c9tc06378a
270	https://pubs.rsc.org/en/content/articlehtml/2018/qm/c8qm00064f
271	https://books.google.com/books?id=roG0DwAAQBAJ&pg=PA618&lpg=PA618&dq=Sato,+Y.;+Ashida,+Y.;+Yoshitake,+D.;+Hoshino,+M.;+Takemoto,+T.;+Tanabe,+Y.+Synthesis+2018,+50,+4659.&source=bl&ots=H1cUTVIzsB&sig=ACfU3U26EXI-Jrr8-WNfvMT8L70x7At5Lg&hl=en&sa=X&ved=2ahUKEwj0jdnt8KrtAhV3SzABHeslB-sQ6AEwAHoECAEQAg
271	https://www.thieme-connect.com/products/ejournals/abstract/10.1055/s-0037-1610652
272	https://pubs.acs.org/doi/abs/10.1021/jacs.8b01181
272	https://pubs.acs.org/doi/abs/10.1021/jacs.8b01181
273	http://scholar.google.com/citations?user=2JSkarsAAAAJ&hl=en
273	https://onlinelibrary.wiley.com/doi/abs/10.1002/aoc.4632
274	https://pubs.rsc.org/en/content/articlelanding/2020/cs/c7cs00614d
274	https://pubs.rsc.org/--/content/articlehtml/2016/cc/c6cc00189k
275	https://pubs.rsc.org/en/content/articlelanding/2018/sc/c7sc03148c
275	https://pubs.rsc.org/en/content/articlehtml/2018/sc/c7sc03148c
276	https://onlinelibrary.wiley.com/doi/abs/10.1002/aoc.4076
276	https://onlinelibrary.wiley.com/doi/abs/10.1002/aoc.4075
277	http://www.iccom.cnr.it/giambastiani/?page_id=12
277	https://www.sciencedirect.com/science/article/pii/S0020169317301524
278	http://scholar.google.com/citations?user=8rYkLUkAAAAJ&hl=en
278	https://www.sciencedirect.com/science/article/pii/S0020169317311568
279	http://scholar.google.com/citations?user=DcsZE-AAAAAJ&hl=en
279	https://onlinelibrary.wiley.com/doi/abs/10.1002/aoc.3984
280	http://scholar.google.com/citations?user=vB6yDvIAAAAJ&hl=en
280	https://www.sciencedirect.com/science/article/pii/S0020169317316365
281	https://books.google.com/books?id=5i-4DwAAQBAJ&pg=PA618&lpg=PA618&dq=Balinge,+K.+R.;+Khiratkar,+A.+G.;+Bhagat,+P.+R.+J.+Organomet.+Chem.+2018,+854,+131.&source=bl&ots=K-LzgTvD_7&sig=ACfU3U39eir78QEzUXgoygB-HR0Ic_4exw&hl=en&sa=X&ved=2ahUKEwjSgOCZ8artAhUlpFkKHTHVA0UQ6AEwAHoECAEQAg
281	https://www.sciencedirect.com/science/article/pii/S0022328X17306721
282	https://onlinelibrary.wiley.com/toc/10990739/2018/32/2
282	https://onlinelibrary.wiley.com/doi/abs/10.1002/aoc.4102
283	https://neurotree.org/beta/publications.php?pid=65716
283	https://pubs.acs.org/doi/abs/10.1021/acs.jmedchem.7b00707
284	https://pubmed.ncbi.nlm.nih.gov/30018259/
284	https://www.mdpi.com/1420-3049/23/7/1754
285	https://europepmc.org/article/pmc/pmc6427685
285	https://www.sciencedirect.com/science/article/pii/S0223523418305245
286	https://books.google.com/books?id=roG0DwAAQBAJ&pg=PA618&lpg=PA618&dq=Liu,+S.;+Ji,+S.;+Yu,+Z.-J.;+Wang,+H.-L.;+Cheng,+X.;+Li,+W.-J.;+Jing,+L.;+Yu,+Y.;+Chen,+Q.;+Yang,+L.-L.;&source=bl&ots=H1cUTVIBlK&sig=ACfU3U3L-z30w0RHPWsTz0VInfbE1VS0lA&hl=en&sa=X&ved=2ahUKEwid88Wv8artAhXQLs0KHXKCCpgQ6AEwAHoECAgQAg
286	https://onlinelibrary.wiley.com/doi/abs/10.1111/cbdd.13077
287	https://europepmc.org/article/med/29451369
287	https://onlinelibrary.wiley.com/doi/abs/10.1002/cmdc.201700718
288	https://pubmed.ncbi.nlm.nih.gov/30803745/
288	https://www.sciencedirect.com/science/article/pii/S0968089618317450
289	https://books.google.com/books?id=roG0DwAAQBAJ&pg=PA618&lpg=PA618&dq=Liang,+D.;+Robinson,+E.;+Hom,+K.;+Yu,+W.;+Nguyen,+N.;+Li,+Y.;+Zong,+Q.;+Wilks,+A.;+Xue,+F.+Bioorg.&source=bl&ots=H1cUTVIBoC&sig=ACfU3U38U_G3EMiMDNIT6xqiQ0m62_Zk2g&hl=en&sa=X&ved=2ahUKEwjz8Le68artAhWHvp4KHZgsAzgQ6AEwAHoECAgQAg
289	https://www.ncbi.nlm.nih.gov/pmc/articles/PMC5851869/
290	https://books.google.com/books?id=5i-4DwAAQBAJ&pg=PA618&lpg=PA618&dq=Wang,+H.;+Cai,+Z.;+Zheng,+S.;+Ma,+H.;+Lin,+H.;+Zheng,+X.+Lett.+Drug+Des.+Discovery+2018,+15,+388.&source=bl&ots=K-LzgTvEX9&sig=ACfU3U0ipS3UhFcNMnKyO7HYhOORsnRaDw&hl=en&sa=X&ved=2ahUKEwjrmoa88artAhUcAp0JHUEdBogQ6AEwAHoECAgQAg
290	https://www.ingentaconnect.com/contentone/ben/lddd/2018/00000015/00000004/art00008
291	https://books.google.com/books?id=5i-4DwAAQBAJ&pg=PA618&lpg=PA618&dq=Tintori,+C.;+Iovenitti,+G.;+Ceresola,+E.+R.;+Ferrarese,+R.;+Zamperini,+C.;+Brai,+A.;+Poli,+G.;+Dreassi,+E.;&source=bl&ots=K-LzgTvEYb&sig=ACfU3U0kQcGHlUHoxWhFxK4HS4ExUhLhFg&hl=en&sa=X&ved=2ahUKEwjjwoLC8artAhUmHzQIHUQ4AEAQ6AEwAHoECAgQAg
291	https://journals.plos.org/plosone/article?id=10.1371/journal.pone.0198478
292	https://www.ncbi.nlm.nih.gov/pmc/articles/PMC6749352/
292	https://www.sciencedirect.com/science/article/pii/S0144861718308816
293	https://vivo.scripps.edu/display/e2n51467
293	https://pubs.acs.org/doi/abs/10.1021/acsmedchemlett.8b00296
294	https://books.google.com/books?id=xIvgDwAAQBAJ&pg=PA131&lpg=PA131&dq=Crew,+A.+P.;+Raina,+K.;+Dong,+H.;+Qian,+Y.;+Wang,+J.;+Vigil,+D.;+Serebrenik,+Y.+V.;+Hamman,+B.+D.;&source=bl&ots=PD6iK7OUxC&sig=ACfU3U2QQyFOTlNipaJz6QuWmxHVggbyEw&hl=en&sa=X&ved=2ahUKEwi50N3O8artAhXRxVkKHd08D8IQ6AEwAHoECAcQAg
294	https://pubs.acs.org/doi/abs/10.1021/acs.jmedchem.7b00635
295	https://pubs.acs.org/doi/abs/10.1021/acs.orglett.7b03591
295	https://pubs.acs.org/doi/abs/10.1021/acs.orglett.7b03591
296	https://pubmed.ncbi.nlm.nih.gov/29686415/
296	https://www.nature.com/articles/s41586-018-0056-8
297	https://pubs.acs.org/doi/abs/10.1021/acs.orglett.8b02451
297	https://pubs.acs.org/doi/abs/10.1021/acs.orglett.8b02451
298	http://europepmc.org/abstract/MED/28892380
298	https://pubs.acs.org/doi/abs/10.1021/acs.jmedchem.7b00796
299	https://pubs.rsc.org/en/content/articlelanding/2018/dt/c7dt03752j
299	https://pubs.rsc.org/--/content/articlehtml/2018/dt/c7dt03752j
300	https://europepmc.org/abstract/med/29366653
300	https://www.sciencedirect.com/science/article/pii/S0223523419306117
301	https://pubs.rsc.org/en/content/articlelanding/2018/sc/c7sc05420c
301	https://pubs.rsc.org/doi/c7sc05420c
302	https://chemistry-europe.onlinelibrary.wiley.com/doi/abs/10.1002/ejoc.200900234
303	https://pubs.acs.org/doi/abs/10.1021/jo102388e
303	https://pubs.acs.org/doi/abs/10.1021/jo201339z
304	https://researchportal.bath.ac.uk/en/publications/simple-emazaem-conjugate-addition-methodology-for-the-synthesis-o
304	https://pubs.acs.org/doi/abs/10.1021/acs.orglett.5b00103
305	https://pubs.rsc.org/tr/content/articlepdf/2017/ra/c7ra04960a
305	https://pubs.rsc.org/en/content/articlehtml/2017/ra/c7ra04960a
306	http://scholar.google.co.in/citations?user=7z_goCoAAAAJ&hl=en
306	https://chemistry-europe.onlinelibrary.wiley.com/doi/abs/10.1002/ejic.201800805
307	https://link.springer.com/10.1007/s11243-018-0224-6
307	https://link.springer.com/article/10.1007/s11243-018-0224-6
308	https://pubmed.ncbi.nlm.nih.gov/27606546/
308	https://pubs.acs.org/doi/abs/10.1021/acschemneuro.6b00370
309	https://pubs.acs.org/doi/abs/10.1021/jacs.8b00380
309	https://pubs.acs.org/doi/abs/10.1021/jacs.8b00380
310	https://pubmed.ncbi.nlm.nih.gov/29341599/
310	https://onlinelibrary.wiley.com/doi/abs/10.1002/ange.201812100
311	https://phippsgroup.wixsite.com/home/publications
311	https://pubs.rsc.org/--/content/articlehtml/2019/ra/c8ra10439e
